Asset,Weight
BTC-USD,0.037789244595361995
ETH-USD,0.03974338282699362
SOL-USD,0.898125088249801
PAXG-USD,0.02434228432784334
